Keyword,Search volume
escuela oficial de idiomas,110000
academias inglés,12100
escuelas de idiomas,12100
cursos de aleman,880
cursos de ingles,4400
aprender ingles,22200
como aprender inglés en casa,1000
como aprender inglés desde cero,110
curso de ingles,4400
curso de aleman,880
pruebas de nivel de ingles,2900
test nivel ingles,2400
pruebas de nivel ingles,2900
cursos de frances,1300
cursos de coreano,90
cursos de japones,110
aprender japonés,2400
japones basico,170
ingles basico,2900
ingles basico a1,70
nivel de ingles a2,320
nivel de ingles a1,210
nivel de ingles b1,720
nivel de ingles b2,590
ingles b2,5400
ingles a2,1300
ingles c1,2900
aleman a1,390
aleman a2,210
aleman b1,260
aleman b2,140
aleman c1,70
escuela de idiomas,12100
centro de idiomas,880
idiomas complutense,1600
php warning: unknown: failed to open stream: no such file or directory in unknown on line 0,0
php fatal error: unknown: failed opening required 'c:/users/kpf5/onedrive/escritorio/nueva/index.php' (include_path='.;c:\php\pear') in unknown on line 0,0